Nicolas Rouquette <nicolas.f.rouquette@jpl.nasa.gov>
Nicolas Rouquette <nicolas.f.rouquette@jpl.nasa.gov> Nicolas F Rouquette
Nicolas Rouquette <nicolas.f.rouquette@jpl.nasa.gov> <Nicolas.F.Rouquette@jpl.nasa.gov>
Nicolas Rouquette <nicolas.f.rouquette@jpl.nasa.gov> <Nicolas.Rouquette@jpl.nasa.gov>
Nicolas Rouquette <nicolas.f.rouquette@jpl.nasa.gov> <nicolas.rouquette@jpl.nasa.gov>
Tyler Ryan <tyler.j.ryan@jpl.nasa.gov> tjryan
Tyler Ryan <tyler.j.ryan@jpl.nasa.gov> <Tyler.J.Ryan@jpl.nasa.gov>
Cody Lanier <cody.lanier@jpl.nasa.gov> clanier
Cody Lanier <cody.lanier@jpl.nasa.gov> <clanier@LMC-022572.jpl.nasa.gov>
